,2A_BIRC3,BIRC3_BIRC3,FYB_BIRC3,LCK_BIRC3,NCK_BIRC3,PKCt_BIRC3,SLP76_BIRC3,TAK1_BIRC3,TCRb_BIRC3,TRAF1_BIRC3,TRAF2_BIRC3,VAV1_BIRC3,2A_CD28,BIRC3_CD28,CD28_CD28,FYB_CD28,LCK_CD28,NCK_CD28,PI3K_CD28,PKCt_CD28,SLP76_CD28,TAK1_CD28,TCRb_CD28,TRAF1_CD28,TRAF2_CD28,2A_CD3z,BIRC3_CD3z,CD28_CD3z,FYB_CD3z,LCK_CD3z,NCK_CD3z,PI3K_CD3z,PKCt_CD3z,SLP76_CD3z,TAK1_CD3z,TCRb_CD3z,TRAF1_CD3z,TRAF2_CD3z,VAV1_CD3z,2A_FYN,BIRC3_FYN,CD28_FYN,FYB_FYN,LAT_FYN,LCK_FYN,NCK_FYN,PI3K_FYN,PKCt_FYN,SLP76_FYN,TAK1_FYN,TCRb_FYN,TRAF1_FYN,TRAF2_FYN,VAV1_FYN,ZAP70_FYN,2A_GRAP2,BIRC3_GRAP2,CD28_GRAP2,FYB_GRAP2,LCK_GRAP2,NCK_GRAP2,PI3K_GRAP2,PKCt_GRAP2,SLP76_GRAP2,TAK1_GRAP2,TCRb_GRAP2,TRAF1_GRAP2,TRAF2_GRAP2,VAV1_GRAP2,2A_LAT,BIRC3_LAT,CD28_LAT,FYB_LAT,LAT_LAT,LCK_LAT,NCK_LAT,PI3K_LAT,PKCt_LAT,SLP76_LAT,TAK1_LAT,TCRb_LAT,TRAF1_LAT,TRAF2_LAT,VAV1_LAT,2A_LCK,BIRC3_LCK,CD28_LCK,FYB_LCK,LAT_LCK,LCK_LCK,NCK_LCK,PI3K_LCK,PKCt_LCK,SLP76_LCK,TAK1_LCK,TCRb_LCK,TRAF1_LCK,TRAF2_LCK,VAV1_LCK,2A_PKCt,BIRC3_PKCt,CD28_PKCt,FYB_PKCt,LCK_PKCt,NCK_PKCt,PI3K_PKCt,PKCt_PKCt,SLP76_PKCt,TAK1_PKCt,TCRb_PKCt,TRAF1_PKCt,TRAF2_PKCt,VAV1_PKCt,2A_SLP76,BIRC3_SLP76,CD28_SLP76,FYB_SLP76,LCK_SLP76,NCK_SLP76,PI3K_SLP76,PKCt_SLP76,SLP76_SLP76,TAK1_SLP76,TCRb_SLP76,TRAF1_SLP76,TRAF2_SLP76,VAV1_SLP76,2A_TAK1,BIRC3_TAK1,CD28_TAK1,FYB_TAK1,LAT_TAK1,LCK_TAK1,NCK_TAK1,PI3K_TAK1,PKCt_TAK1,SLP76_TAK1,TAK1_TAK1,TCRb_TAK1,TRAF1_TAK1,TRAF2_TAK1,VAV1_TAK1,ZAP70_TAK1,2A_TCRb,BIRC3_TCRb,CD28_TCRb,FYB_TCRb,LAT_TCRb,LCK_TCRb,NCK_TCRb,PI3K_TCRb,PKCt_TCRb,SLP76_TCRb,TAK1_TCRb,TCRb_TCRb,TRAF1_TCRb,TRAF2_TCRb,VAV1_TCRb,2A_TRAF1,BIRC3_TRAF1,CD28_TRAF1,FYB_TRAF1,LCK_TRAF1,NCK_TRAF1,PI3K_TRAF1,PKCt_TRAF1,SLP76_TRAF1,TAK1_TRAF1,TCRb_TRAF1,TRAF1_TRAF1,TRAF2_TRAF1,VAV1_TRAF1,2A_TRAF2,BIRC3_TRAF2,CD28_TRAF2,FYB_TRAF2,LCK_TRAF2,NCK_TRAF2,PI3K_TRAF2,PKCt_TRAF2,SLP76_TRAF2,TAK1_TRAF2,TCRb_TRAF2,TRAF1_TRAF2,TRAF2_TRAF2,VAV1_TRAF2,2A_ZAP70,BIRC3_ZAP70,FYB_ZAP70,LCK_ZAP70,NCK_ZAP70,PKCt_ZAP70,SLP76_ZAP70,TAK1_ZAP70,TCRb_ZAP70,TRAF1_ZAP70,TRAF2_ZAP70,VAV1_ZAP70,ZAP70_ZAP70,patient,cd4v8,experiment,cell count,protein conc,% CAR,thaw,stim,cd19,cd3,type,control,has control,poor response inverse of remission,CRS,NT,optimal response,response type,stim type,pair num
CAR_KP_846,104.39092590341978,93.3796017114797,92.41216901084994,95.94374546437906,102.36904228615668,101.02177104801883,98.89290410830984,103.29392096845606,94.28914125284476,94.56777473047936,94.86046233684236,88.38388221370737,87.93409775263373,106.01474526049508,87.58752865612688,53.76739322336709,98.00424612913928,94.67327041733036,104.71223001010428,100.8731767372815,102.67906503555638,105.87061549230552,102.99737851561903,106.1875078883314,107.6343893512522,109.01359120937856,109.2225304972518,92.92499672371817,84.84558175708558,121.9969578694236,107.16398434747396,98.26183911514448,108.07557865426658,86.1898900572156,106.58923616825524,200.38181546906063,96.49366321675056,95.90403506447912,95.499537930307,298.2097491660919,100.91524330705924,86.94597192144494,80.0986774780232,102.5763624705662,79.86932386887085,103.36968107553034,69.40433818122592,96.9627076716196,90.62089905637608,138.29910052513685,155.58368191287536,50.025551176757645,110.48288537144526,73.95668316880689,100.52430966128436,75.34457005385846,85.9645298957767,73.42492733380378,75.4151527458654,89.43123179060407,93.7351381921105,47.3057471663008,89.29728478196724,69.95523229708387,88.1720351129222,74.98366859846693,86.7791688953444,87.73233991365237,20.38733921811223,112.43088680437452,93.55319821017429,103.63809143731692,94.15473563907942,126.02980434146878,105.41945648030712,93.29668573981569,63.93805189183141,94.98145236931222,55.412388153500544,103.53373375192378,95.0163957451324,105.505231086085,98.62819885552013,104.3613896491661,110.75928417653796,89.86625350006798,69.47590309631506,99.51584687175466,101.30819093445858,108.82625736372252,95.37434732492588,86.92732416607187,94.47733928835494,96.76635486316177,100.76871804671016,104.55754099312396,86.09188387456607,93.06630733329688,81.26414143354125,129.3748841234104,92.53137351866872,80.02374222627598,99.44377140305,91.03185266555984,102.0245983987504,91.73113806025098,89.41472287587237,100.50684859952082,103.01787232577168,96.6978872334257,92.98686265396672,104.04915684703536,83.04126685130778,99.25402241794409,101.56565502846328,99.30459375726068,101.12966718752725,102.88091103537396,98.82138383078713,104.38851363801074,105.29164576628648,100.07879035251553,102.76962811824474,108.57208204024305,103.98604768495052,95.15584874406969,102.17519250187036,115.4338779337304,72.67522445785141,19.876754063439183,130.13070013283138,66.64941789286796,-8.235899760103596,96.26516171703962,129.07382604397887,38.313450613019455,81.99840163516564,281.1394940243948,88.90143145756421,50.71540075834992,61.05270253004588,-10.291111667522308,67.9381754787338,99.04833694468576,92.38949052824104,94.53179439091991,94.09507586292963,99.42827893450736,104.5036619476676,103.5150106049009,96.56887542953775,97.19605784606938,96.06145281746193,100.5125950876073,240.1665484738221,94.52073485796684,105.0306265806114,89.72487574179004,90.39042770096908,43.79963055121964,92.22478605533716,96.6407748516277,101.28974577019513,94.34853974415024,98.01320811194113,108.82949523563563,98.68886002481446,102.63401187432348,103.03782132069766,86.09518059405127,77.43820348655889,108.48815863381704,144.51674070682105,86.17069295101983,96.78515174014024,93.04180059014732,88.12262872549857,90.58999006856293,94.57270965376972,91.52643232191038,92.99667401940698,94.47714163946766,95.95013438603172,55.360683861139606,73.17048628454904,97.66903831675208,71.91798702688565,108.5084705348358,106.01438743476588,95.3033488024168,103.58694269693592,97.47336748695948,108.00919766154564,95.6765697748216,104.13261001454768,94.08841213572634,99.18365524079772,104.56118387374316,60.49716784877143,46.0,8.0,39.0,10.5,3.929,84.85,9.0,0.0,0.0,0.0,1.0,0.0,1.0,0.0,0.0,0.0,1.0,1.0,KP,9011
CAR_KP_803,108.07692820049394,100.0,95.68108968635244,101.71454987625728,102.39412440086149,103.8319093335776,107.18653026317908,103.83016256054722,94.07351572330865,88.771979210557,96.05432696780456,85.31492835770325,94.24522027170818,107.40598198479508,93.46522829521058,75.92922892492942,96.30196797170164,93.59741580444728,105.57819230640014,96.32960169236436,95.2255851656032,104.0496030611475,97.75218074051476,108.385973285465,101.28969453998636,107.80015293632329,99.06027253156688,91.78481551322449,126.8932472930693,120.79224377863387,103.45405688136424,90.14969006076544,94.1420132174439,87.45631041743817,95.8071548284054,59.697749300353536,90.03078952577462,99.611876833751,106.79416757673792,365.7758285173288,99.36449801393812,84.14380737458279,50.728283715517485,107.78629160693993,56.03430125084526,95.90606331367452,105.44502472431708,83.0530916142595,93.03878018679224,110.6480728048596,102.02099375465748,69.21659273574873,94.54333605842544,92.53031698242192,103.45349266904192,98.9457772646333,96.11642483183968,88.37243145438333,100.0,100.24947907837922,108.64108770345076,58.903790773522346,109.64864254521864,130.2280491076517,106.02230651939884,101.87261431954168,94.69943641929872,93.63770164392623,151.71858653640305,94.11831993747812,105.01374155561244,89.76879168110791,98.07622645820368,71.44665958359663,104.75841046987678,111.18464297710672,66.17162384711588,101.51099454580005,52.23954338562353,110.40181913976642,98.67011484155668,108.17815074109409,101.96063681274774,126.74140490927309,140.5901389893702,97.28250071906,65.46163470178998,110.59258652945806,111.5258098643822,199.56877589986533,113.82381635781728,114.50232270882248,61.473955796082734,115.5480873814722,97.14860504176411,89.82317201647268,76.40003518507451,111.11978615035572,106.58546875189964,183.13574088510688,97.82572233618716,75.04546258432839,102.81442522090738,96.77743006387534,99.49861953725424,99.72556422082177,116.7137679878639,104.87100636288542,106.71573691593656,100.3515587791102,96.14493868327148,98.58884559245756,96.4141005882704,106.96852770737908,99.79987128139724,103.76652198944012,101.73683987704725,106.29613821400316,108.25548453103468,95.57485486775742,104.54978113446823,100.11790309130272,95.06668782987344,108.56404379287687,91.91954184495673,96.25490431837666,108.60552170111012,135.31897431828813,77.18929017040332,92.2091331703565,89.38267577519622,78.52379662404977,12.815151867115553,97.59833138597268,97.983249440899,46.11060054657342,107.339735301309,283.9933206760903,77.1244042384677,114.40963233077989,72.99170039331077,45.50395591847426,106.2293059180166,98.72142134141131,94.34163355077268,97.8113396397351,87.67669336179179,91.61972828242276,96.93354616162088,94.92133551129672,111.66541566884804,96.45665043574516,86.03037161480401,95.76081948463973,47.10653220165319,91.87659368431774,97.98423816587254,68.38280440841011,106.22940207374336,104.35305369484152,105.6551742221141,102.16908682261165,95.7138846391774,105.65822861367728,111.4236687448331,112.15358615104977,99.81427197151406,102.11670766140298,98.07597982684597,113.84431097910718,118.94951507920445,97.7252738743345,112.82328579064075,86.117473731576,106.07426840590678,88.33851766473677,94.95569117762932,86.37195707630296,92.31411977670275,93.64364596523204,100.0,92.5666489570567,100.27255905437649,65.45061273136949,68.77031762029011,80.13156781132808,60.71275487336025,98.409376400502,101.119112879911,106.3344884353626,96.48785818250865,105.66527513368555,106.06211114007178,103.23019039694884,109.00196818615692,103.36936972010652,104.0337857503612,111.78114571111874,111.76024851108984,3.0,8.0,41.0,5.1,3.643,47.02,9.0,0.0,0.0,0.0,1.0,0.0,1.0,0.0,0.0,0.0,1.0,1.0,KP,9011
CAR_KP_886,101.70754974214232,97.67865938667694,108.72117599768129,104.32421618294426,102.21339741417466,101.12180649169731,97.27450900609078,111.76676313580477,102.31162082972274,102.81732684178444,110.47523557631828,98.9502892256982,86.69165785021869,95.7202036403689,83.99804941623036,56.97702001400235,102.79045120738728,99.45824747413012,106.07837766990129,100.865097594712,106.64229970030075,103.41418731754004,100.0,98.73935744244696,107.34259724834943,114.51115877280812,104.89977802697337,91.24578325139171,96.07045633710308,149.29227945876755,101.64610497263422,99.61757695285466,108.55768328817209,89.39949107009916,106.45769759560346,83.39406138899274,98.32301013408382,102.18360521280344,95.6239483281136,3067.036321894127,101.56919563388146,32.90689948136908,43.182646822665184,127.48187957877272,217.7976652306974,109.40053400630283,121.9514575929037,129.66632799912657,83.29065590487424,138.44721912658505,106.38823482242796,59.51292733486335,111.8538453510177,71.45684178368107,112.50456343995202,94.34178615346704,101.21518438145904,101.51096054312104,96.13492783003974,119.301550463309,113.0889230293591,58.32048905967692,121.24529643263276,107.6187472749729,114.65584935195184,106.14193981584188,93.02992826402355,105.77847366539076,104.87826789379147,112.86165505387204,94.30788702759186,95.08294852180724,88.89527252721828,63.89947241478252,99.39448216086498,101.02423385481012,50.56874240730088,100.28248227991789,47.37014890720944,105.29670402453796,96.97297009026748,109.750429739627,107.02578342330354,94.47850479776824,142.82280278970515,85.18654002140644,39.180858167042906,85.11228936160182,107.4725904864438,2207.5365418597275,96.24773185114088,95.66255611467932,104.90117084359376,117.6613024400362,89.657558305914,85.99563944828776,82.57594846646751,112.78870570919904,84.15992571435923,166.4913009603754,109.4289343297364,81.92136343070446,102.2766246378411,110.4488067409693,104.74406038201276,99.33388740191413,116.5889124119084,96.98441426845946,103.33806773960318,105.1239708831752,100.37717286528115,102.97484516809904,95.6502465328137,103.10186579768154,98.31956331743132,111.51499297683814,111.77355920980123,104.42401554756668,106.34926113160373,105.92501915512028,114.34159798212016,101.29952140294564,93.68603928007376,104.99957184097843,103.08690026812307,110.25488184632296,94.79965648985971,125.11173975807704,108.64493736375628,102.67973378330468,89.77428218242287,103.878871356518,2484.2362297914265,604.3826543860779,152.69107808580802,218.784693726332,215.45235642828823,597.5795346476042,124.74024087244663,103.52652374222644,92.6669798418484,108.5639524367304,134.6370373430788,101.48807572459236,102.29159992453386,91.73835259856912,74.88644740075348,102.63861936626424,99.2683393097164,97.5114200441328,91.63463973300344,97.61412923241907,88.74535232167354,95.56356380368914,144.36546515284854,96.10159066028,90.94627573715604,90.24810647805812,112.20985276286471,42.89763822016573,93.16085544129515,93.42373940571778,94.71146874384884,111.49198800472357,113.03580039317856,110.28574876021187,108.10485380180972,107.05338430540002,96.61599129252087,99.61828852428862,72.0695927716263,111.22855255507189,396.6769221049712,86.24014265651402,92.99487651884571,101.38045714428004,100.8548639459795,96.95829761732752,108.07335240135144,99.73488217434075,98.26383460037596,96.91290450328646,95.46308153089936,54.02908004942263,92.1097976717342,105.45654621920664,60.16106744793484,90.4162361181845,99.20441993851406,94.23171524381031,100.0,105.7791087680838,102.89362969234828,92.84236323687776,106.73431116641385,94.01559274293771,101.16975717644895,105.84919037673885,73.71056702294216,86.0,8.0,48.0,10.6,2.4,65.53,12.0,0.0,0.0,0.0,1.0,0.0,1.0,0.0,0.0,0.0,1.0,1.0,KP,9012
CAR_KP_894,86.20994937467755,96.9109213925018,95.95092969744772,96.83679952546944,102.48715314305691,89.02888551147622,99.02703047885068,98.9385425204948,105.90937219073884,110.65732957255796,101.5285675721362,84.97071947236458,94.33927268013043,107.50566827845994,93.26734259732042,63.60110670378351,98.35150038314175,106.9128399522354,100.0,97.66972879480062,107.45453636294636,98.24728106321116,91.05250251281667,98.37358753470215,100.70293723190169,108.24286058079856,93.2295603354265,88.75448314522717,99.90361789002316,140.72720279098797,96.50250719838232,81.29225082234429,90.0109143166022,88.80392757775886,100.67837899668116,65.89784840032904,88.67344958447529,103.16978180963233,106.26100471230818,288.5227800766652,89.82599338716517,56.909044696159135,50.55912999036553,84.99287545623653,52.9691215452668,105.93220978107814,80.09447047857219,61.73439952776894,176.8699492450764,132.3469573180929,88.65103425771417,56.57597560018791,103.28962690204726,57.7649690114987,93.9561444849763,107.18598212945048,93.94669856391198,103.26125635524014,80.98339801163343,98.54618833198836,96.82035929666858,55.49806557957177,94.89709331095554,86.30748950556126,115.47355739133526,99.73746228166873,95.30211573085552,91.47374603609298,86.74353254016097,112.48613581763456,100.0,90.81376770507458,99.89976795938055,51.93506579169493,100.12705184026122,100.0,55.18524848262466,106.0473561625717,50.11711698276826,98.5360663252087,91.54794498252728,102.02145227966948,103.26748693983966,93.49898300375789,105.95610120712864,96.76744954666675,69.66713427212123,82.79426201880597,93.19566621808173,196.59115973203427,97.82856663151767,89.69386418949722,80.54424174581548,91.64308259772902,86.72925021565891,93.69169849786113,72.65737426781142,87.11547920499834,92.20093706624404,131.25917773190838,98.82307885193272,72.41783880375769,104.2507586110987,84.40698142998902,99.57700359841644,90.43605934523832,104.4118107297648,105.4607260009227,103.43423441394069,105.9615154279568,91.97389758442424,99.58856139767364,110.53088522034732,98.61720622078865,105.97669440336657,88.40431940385128,89.01299320573995,110.783129450792,106.48639212711284,114.145414672373,92.5267021652023,101.08830472480086,107.0656110348441,103.90139168858256,91.1576053733886,104.94394912899008,108.04671481263507,96.31841505531584,88.49714041954098,59.36449652900679,69.09284281249961,69.09458539790154,23.604501290345542,97.3156269695108,94.80144961075764,43.39987524497778,72.31702429726177,254.96235248526307,100.25611489452228,57.50555658178948,62.60450245196555,53.29668686038813,81.35818147440173,105.1884860568014,95.20624155646097,91.71118490866702,83.72926337924059,83.31883288326142,112.17750385179215,111.67420690529184,105.74409948923828,102.57207317913992,98.16706075698032,103.94129773639236,133.48043125553482,103.3925600346296,107.90775085042586,70.29444493612927,81.73269545308298,43.15116705942997,90.48090596426634,97.76020267234168,96.50280270951654,90.74206780916984,103.78397937768838,104.8928482090758,102.49171418687092,101.54763462272255,99.79754959970457,95.43483479669756,74.55570252401243,110.1202399003825,143.38425186550614,81.68911753329071,101.78705799575084,87.08321237976519,99.15424653426952,85.98149859660909,101.75111253017327,88.32457007561919,100.9246558486951,97.00363508298324,101.02742744265636,57.37486430047756,83.4206553294567,87.07114972220442,60.84959571786871,102.62518423731493,98.70282665751049,104.8200837428297,103.23566213412673,107.98887479968975,103.92046784598529,106.3643907359665,111.47134098513968,93.4770979998772,102.05494348714352,87.01406667661387,69.9717518044097,94.0,8.0,44.0,6.2,2.2,76.21,11.0,0.0,0.0,0.0,1.0,0.0,1.0,0.0,0.0,0.0,1.0,1.0,KP,9012
CAR_KP_452,92.80460381083117,95.07094665190738,95.87138895696098,95.21816635097099,101.58521671274855,106.05464083871422,112.99814927205031,96.56983950401039,98.50364570929014,99.35193844228624,101.25830086784285,89.24505758203026,126.5534986870295,94.77690145248832,97.41629705260766,99.804310045987,92.91331488185497,102.03285895520874,95.98867989850228,100.0,100.65077157428415,104.04067491857147,100.0,104.38429527790215,94.57362415640807,122.16407131996709,105.92742181290106,117.01862843147967,96.67258151619313,101.46859993623107,101.4070162453329,101.43971209013884,96.26875849304244,98.24749758197478,97.14924884447586,91.00299372951022,96.9045989613539,97.89633866961887,105.7620948800162,1076.0807683504815,125.2639513281581,104.39783994849557,110.27987205253487,99.18159257753999,102.45165090381583,105.87546470240144,109.72793571456216,143.8529955347278,124.39949716664802,112.77281350564368,110.20708328542123,105.58217360603412,97.51601890299872,215.34324859819174,100.80355284516402,99.74238534479402,92.4749907503308,99.22754005760794,100.7016915003127,93.81901951100768,92.09510576707684,30.996719466700874,91.14967655379553,98.18819323381419,93.87703603904464,99.35343814793,102.06044461202403,92.90983568301874,149.57107055084165,109.97770646326555,104.29368625446517,101.50113486078791,102.86755350309306,101.27804441695932,101.75959673518997,89.34316275697928,46.148362635420156,98.64923396026154,92.43824035428325,112.40888141552693,105.87383893333792,106.80832614805809,92.93161997742567,81.0157031085115,142.75866576083868,96.85773795392069,119.431897390733,92.80176898136733,105.91885128084576,103.23044749688361,106.82462177012962,96.98334868875929,122.42306509107806,102.88001110908256,96.86591558692669,106.15552827784609,95.11460310247057,95.43095507112116,107.64313029425409,265.3182364383266,94.3354591946848,107.15411586321477,107.09811667667859,95.34490725460788,101.46897301985251,96.86947707116644,68.08220698723389,105.13017720882004,93.07498479864267,100.3063053039879,105.12513335784612,98.46192910581303,98.78427820256465,92.11345532053298,102.54166473966038,98.15763960340736,103.32518429465749,104.74615881978025,95.40470702694901,91.25503362809528,106.3564536193883,99.56253801883759,97.05947590598652,92.22602409115447,99.63232603434565,96.56888238244443,91.1404611521332,97.83002945750897,93.36542051942224,92.55281042299305,103.7348604972342,99.30263633723811,103.67724032201953,111.58321443680093,89.07117248076645,104.81477504257126,104.27584113938215,98.42333708492382,93.5845307333488,106.17411312696149,90.16565815549367,96.05889176592609,101.34454230932616,127.67657652192982,88.0020233890036,96.10980880216518,100.56992634545095,106.18508368400069,99.55860744290632,96.39110026023607,90.10206208956478,99.30770411455137,108.75863907526414,89.55818306074427,99.21585842554336,99.30784216275262,106.91355092697862,80.9931065331819,110.18036305410132,49.830347208546485,99.675682009908,112.42311161046045,95.64427022668576,89.71637683221144,100.25301611673301,92.78334359404295,103.60162425544652,96.80560295605753,102.11076123891453,88.20826561392218,77.79471131222834,110.9685639337929,284.07140214830747,94.90977907767271,98.52519108119373,121.92147965006978,103.1726727474105,101.5907856211768,107.46421621712159,108.20358825854458,104.98143824077222,102.87226797601224,93.4292578371417,76.30885306476384,81.995030212845,166.64216121515824,64.71373794681794,103.1231958895543,95.0441103108704,106.43411052895962,108.15342523454152,101.11527387862176,98.3076495349688,105.38705992214453,95.30101075737035,102.70526611065952,105.49340594828541,97.55399609753766,79.0987055622831,52.0,4.0,20.0,5.7,1.68,61.47,5.0,0.0,0.0,0.0,1.0,0.0,1.0,0.0,0.0,0.0,1.0,1.0,KP,9009
CAR_KP_494,100.0,101.97430491517964,104.7007864018112,102.8756874485046,103.78579002367692,103.30991391329718,99.16572709631458,102.47400514032871,97.97626212712872,94.18827172483864,101.18991037416296,90.39176930893582,96.89637135859525,101.4534598931232,87.3688348937193,52.6821031569418,105.53158867023755,108.12962705973972,94.79848570721788,98.15127549125388,95.47733924380168,96.30214292212692,106.17145318964124,98.12212212477851,102.96209942561208,99.53577464430138,104.66633238566942,97.182466243964,71.99301034742304,90.98591330142229,97.11348626977902,91.836586282066,89.53114826492107,89.85412994476118,101.3677661699043,43.41838981316497,92.04012931796834,92.80149338005327,91.5477004105425,147.92023996093903,112.50696184786024,78.97952433240637,56.594375864039776,100.74849348863276,83.04462959464519,108.35798839283486,90.4558646837424,83.22984318164424,70.52445238931418,141.1180981638189,95.81424999713094,54.75068591916916,108.79025668763109,80.67196850636797,93.2869811703812,97.2685086991924,91.63579293736628,91.83872581523076,86.10495457207995,103.06751875845843,106.60364866912754,55.96666893487369,87.74478354147124,66.0373137194172,112.49150099392516,101.61151359042006,96.41120230551486,104.42600191465304,100.49050675735198,115.07136174729568,100.9292527908935,96.3980097182998,100.73695225490754,53.58083549118955,107.42392892651137,95.10656308183202,62.78310577708218,107.86566243083256,60.32897611688888,102.37342420647266,98.54801844378234,95.90831248734152,101.27373966439517,98.67095706383948,76.51612172158687,100.8246990785324,69.02383147979229,100.0,98.9420612867431,80.48455257266659,92.75618489191532,99.3207502610326,87.59586435905675,94.77393399659034,90.69348032736852,72.56056218727473,81.62653934587301,89.0732270778722,93.11330245446504,113.05219432255367,100.60997172863875,79.29526683399376,91.55408137153756,106.0622139706821,96.6510877177448,100.95427958610756,77.48434937727326,96.87146549595398,98.27368698409867,102.37889760719372,98.77276312875556,98.65182399105188,87.54279639032151,90.99275230785436,100.52825931114518,94.80370865250887,92.43674645521423,101.58523908815224,102.89297996641696,97.15717946927153,106.9292815842115,99.61979617690037,94.9527333792418,96.5463475868382,103.48302017352982,96.63999625462586,118.32732949232616,91.38725486141853,74.9740432414084,76.66337760640933,87.1077512749677,85.30888586445477,39.500921391110346,101.53467371706036,92.75804994362936,66.10462467318906,76.89391074573132,193.7275531933723,104.28701434512968,57.879124472692055,61.14572973169732,68.16163227058965,74.54895849239874,86.11262709380432,95.51059840858032,95.3286605471926,88.93752749363858,88.76660036488724,102.45373793797816,99.74343511561064,91.8882496922965,96.11098067450526,85.14273849532792,96.06302038807688,93.10282206543135,98.60689759378587,94.17790541730749,91.29844466137162,79.6728405646201,43.05103504850025,94.34316852171872,88.31817862205165,88.62770105238151,89.14576131013258,90.57712753016648,87.81638245998069,91.58424277814493,91.78299491672053,91.86443505719708,80.20505365169953,72.0511854877969,80.16828157566077,121.34347391320632,83.32229650415309,102.22816568568904,88.45854695918844,87.57230489644076,89.77244243507694,95.52877616528276,94.43175005725335,96.71428907678222,98.3636237941474,92.89656595512604,54.712783020504574,98.32262370838129,82.34262919410035,59.48942012197883,100.40717778475364,100.79391991477628,102.2666796467562,102.37762665059482,91.26927521781856,98.1350266552528,100.90011510833595,92.62131097946002,101.039936410772,101.6357519730547,91.74698518323436,50.48825011136026,94.0,4.0,47.0,4.5,1.5,65.0,12.0,0.0,0.0,0.0,1.0,0.0,1.0,0.0,0.0,0.0,1.0,1.0,KP,9009
CAR_KP_486,103.37206546127572,99.11857690185084,102.43014139315022,105.72518416247296,103.183603873092,100.0,103.23198670647363,97.22493787209828,102.99707128318428,104.72766287415767,97.5540339121469,112.81986574026458,124.032266378444,103.0684220165536,97.137476756749,67.08676424530046,101.76916971614476,96.23119057018177,111.0091434346338,103.3915971907651,79.08540091782282,104.10018624478732,102.64996692242936,103.01244745922794,93.94689843993552,122.23340963550196,103.00563278452736,123.83642233128724,103.98316653577008,106.38387490440093,97.5001423514059,109.80877080045848,108.26562252713468,97.94181909197845,104.15972211245654,140.1856256691085,110.99341994667252,103.22781537380057,100.89972327238256,239.08675588011965,121.94284121435106,4208.468975640977,115.6462829975753,242.60849504314336,109.95023281231715,105.26137815809618,109.13101614905594,146.28139607588065,272.6999386575135,137.8736733859282,213.361283837959,123.73425420547944,113.27976113761744,89.61095994967113,159.8867978173361,99.8046126892063,100.42797375473512,125.6717938638706,111.5694688096619,100.19696624405492,104.39100341761502,65.79856531762267,109.74942666189172,144.8127072523175,106.81536891208852,106.61219995416847,96.2126655956646,105.21087476728476,95.21894373280878,119.360661090351,103.4886810253396,104.4335917720328,98.25566718570992,185.00328098741127,100.91291220774276,99.0156543781696,63.82348571103211,101.03554481327453,68.06788731198854,100.75544099541771,108.541811090023,98.57424454845544,97.00937788432256,86.0811280672384,115.67154454897272,104.6384506097265,168.75978719321833,96.78167452077376,111.8547074920861,99.3391169107605,99.0250436318761,109.6430975632942,101.7596759877184,102.59219044294474,107.35725230374528,98.67507995770356,95.96184239463668,116.65034365209688,106.7366994514984,125.04391595293464,102.41165869222452,94.63347520995784,99.54897656780632,95.98164850595784,101.98958697053564,97.85678321328032,94.1416777167336,99.6715894074516,102.35358962407508,100.0,93.0569022814535,103.49806108320004,98.26540061510777,95.58663437283792,105.33014651692552,100.51083855603484,100.70802410680984,102.30301367856976,100.0,92.81480459357908,102.80253008568424,224.2159277334738,108.1451513941513,104.5989831558514,100.94891104826802,73.0117625520015,82.80689754810815,127.22742931119308,155.87915083978174,398.747846010555,128.81013026569323,265.30062002227857,207.25684993324987,105.28442678991486,140.80131544274232,217.0807554367413,187.2481215821364,506.4876122156705,147.311669838773,186.6855868814721,128.05297712841192,196.1033251251908,374.42370860916776,112.27145677440392,92.16195048159184,105.0944761731252,93.66393341059512,108.00733821515618,99.21472723232036,102.86015611984584,113.8882728099922,98.32268000065004,109.04682519131694,109.63000344767084,186.06807341474743,94.4308348054728,93.57687564335356,93.93067171202244,117.1527917948125,146.413477430762,108.3129618644374,102.48620901456744,97.76317017421808,103.58170687075238,110.1359582010847,107.4318895730899,96.92110434402026,103.6393184394842,102.90251428591073,109.93236576486132,108.50165305865964,99.5214770825566,195.35246440952028,107.13942626389404,106.1039783177302,88.1200859565761,106.16954952617904,103.97542836194292,97.69639684882644,103.57948194082732,107.4840676589108,107.23879410625464,102.66131711397183,81.73127996934757,68.82695878417223,85.26207032286878,64.20275223126745,103.01309286945498,100.67142481050836,100.9725755376018,95.7170445038638,103.16655554706712,104.28272977221484,103.56017980349718,103.02689884937271,97.44299686049288,99.55669904881748,92.93535193284742,107.56264292937988,86.0,4.0,42.0,10.7,3.7,73.73,10.0,0.0,0.0,0.0,1.0,0.0,1.0,0.0,0.0,0.0,1.0,1.0,KP,9010
CAR_KP_411,103.9669816915395,101.15359613933047,106.11143216336517,108.65130959151011,103.97004241644866,105.53545473527002,103.05197974183967,100.60555871608268,101.6205267666635,94.7491020221724,100.98699265210134,86.23730529577531,116.68004947814042,104.47764619453396,106.93861415536648,142.04782698189447,101.6389488110696,92.40323685635376,109.07552214738708,99.79371559056014,108.25379539508008,102.85781435260932,96.86397181064572,107.829462323762,99.3284041068793,125.475807979726,105.36891286903844,128.18481610685052,108.87706618780474,125.98063527497035,101.19045766503392,134.2003291573963,103.05553647292231,97.22620411796156,99.74195735768674,127.2467488976479,104.00197998473618,99.30940724603929,82.79979805447705,553.7527442875592,154.65189898260812,1336.8552751603436,126.14599108312365,464.1401556114725,696.7572162426534,103.962276056632,158.2857422383997,189.24960513625885,468.9536487064961,162.69505780383625,182.90204803546004,184.64497484059925,121.382764195119,449.633388811011,279.7531889398992,107.47479960087988,100.44536920785058,107.0125490111183,103.24024476285877,121.93664076914376,96.22822217675112,67.17265822390061,103.77199659994764,122.63382685261078,96.54145464655062,102.97978010555202,100.2385574804197,97.03006784450126,99.50483780936445,121.3448808232312,97.60149832945274,110.54065935164084,103.33915981060989,215.5082553195383,104.97075836463304,93.8766500981273,55.74604138259275,102.50169767992242,54.92541014295129,97.20076157799724,104.14624381589984,106.72261477143458,98.98684201080847,84.36107065118023,116.34879959190516,94.38011747427537,149.27177173530555,88.21866396758072,114.76734564046244,131.1003313579899,98.82895754953331,109.45143910459082,120.57658992626298,115.96155986831776,102.28806949223734,132.62612936901402,96.53633984531832,117.89601798912932,104.55585786209711,161.36610381284007,98.46419401669132,99.26204191711147,95.33757022586444,111.1920992068988,102.16947026882625,105.41147114653992,66.97794405655017,96.26699596010502,106.48827108361864,109.49757502248156,107.36486532159472,103.37157959999725,83.26780241359029,124.41222326838005,95.21197245865456,99.58287219834985,100.34952792216215,115.34214462077394,103.42671776266444,108.01774066421808,95.43916805109976,199.1410211525668,106.6182754334366,98.42073706557784,112.56332914448056,75.38268006754535,84.79467404128319,126.41029611461428,195.4476315807161,1025.7764765673846,150.99409903626238,665.1837045680045,286.04675674795715,107.8698984909305,148.2219475797934,404.5659403545657,255.20965380667568,375.1509340151565,222.29830411887627,263.4227338653275,154.79188567979972,424.27977981748137,735.1756552266223,111.78092336874003,102.7985360292817,101.98624826701614,99.78527819893635,89.66843268904174,98.293985753054,105.93002616930087,123.21513590277785,101.4827565146745,89.72274055287204,103.55128656011708,130.64995109821905,107.56411297675668,94.3587606068394,93.13753839504828,92.82289807728588,105.90290319167984,104.33317471878286,95.7502767125752,100.46432518912349,92.86607084017838,108.36274107281228,98.01894546585326,101.58050029336584,97.5069418356324,102.511585873129,103.69606586302116,106.32697209544573,83.00114282620088,177.15686942461016,107.7294206538395,103.31772000103057,97.4462431831277,107.99246536503092,99.40640351713168,93.56159899581792,105.0461285313536,94.71157535432351,100.0,100.71044557906694,79.59811516226334,67.4647925121834,80.65675838726729,62.96197157697291,100.0,100.44732562830464,98.96381072294224,100.24397586265776,104.70677689954024,102.23864228029808,103.20678635004764,100.6894494581744,96.590967043515,100.91286554737054,94.37356189849532,50.8538250906914,11.0,4.0,43.0,10.7,3.5,67.57,10.0,0.0,0.0,0.0,1.0,0.0,1.0,0.0,0.0,0.0,1.0,1.0,KP,9010
CAR_N3_892,109.77341076129876,97.92866090069192,101.2069068526636,92.49367379290712,93.28744330142064,93.71314371367636,106.29526813951452,103.2612800936394,91.17038161678138,106.74677779143494,98.84485655359438,98.20793182339509,92.07350545791274,96.04009406780098,84.80975620415035,49.855717087029646,111.95390603490696,92.9418522917262,98.46819947555517,113.26902262388624,108.4509243592572,96.32979604796417,99.55805420105716,96.6561859676506,100.96262878410862,99.48085570611738,100.31745451845951,95.82213473274582,89.85837477712361,134.12903928501777,103.21652471716664,108.9869347449498,94.5120218558086,90.8214423171187,96.62210824256412,18.12709944590868,86.35786760336468,108.76750196698175,85.226137006874,166.238280472246,93.06329275014716,143.06797248826652,54.2381959648213,114.83071190091152,144.2460970517032,99.64173134526666,64.20174432481642,109.6382502632784,50.33561018776398,148.63941731696374,44.03424916279016,57.54786170804719,102.15381114267602,27.96156630216694,107.90401332529252,107.52311750311138,107.05845819724652,101.5780749972111,103.8912028011858,104.99879219469032,96.56277315240668,60.10606465572801,99.385102301852,84.47819760071327,111.379470779847,103.57848057699132,94.709725717515,104.78619545897791,111.19125084324502,119.32978261247926,90.23936143156932,96.3900305128502,105.86509817989916,60.49663802249007,109.91390581215616,102.66274438889792,68.89507088274537,110.6269471022094,69.62107740897834,91.99946604213544,91.38977905318114,92.17767447184396,102.9069213417329,101.3771567305986,105.65235653126072,98.03981374654695,41.32857997768795,105.17939025754028,117.55737169988473,93.16383379580633,95.90539907906413,92.86808371664804,90.03605688264119,87.08075086190802,93.39321741893052,64.27819642755458,70.56022987338865,96.40476282559486,59.16636417005229,114.29362031632309,92.73271539984648,70.41531945229453,100.9727239532256,96.40484707048162,104.76481684525874,89.8680200477492,71.48974749838801,92.5692503483326,92.97286984777436,90.93927618072853,96.22262097088972,91.31936593357182,79.6090858789032,86.80647306822219,103.97892072716384,105.707797256747,89.31004517031522,99.085146611606,106.76890247199566,114.72486069575083,102.74706358497843,100.79569975608268,98.52347591155248,106.40776463992108,103.84943511118298,97.5843636043623,91.62550560421164,120.3747170579628,83.46687875921184,274.87106915755925,179.1838071426289,165.19743654041224,151.64315507438195,97.7029155320796,135.87346725826782,156.7832204786512,105.35104808672024,461.65630975210246,169.24574906871595,98.57052989500698,70.14899889847631,118.71803159067822,168.9170437702253,90.5036819825652,97.12563875275444,90.60223973606398,105.46028757139192,83.62024501891737,88.76484344437681,85.60471722815758,95.07594702463568,100.0,98.04173022843923,94.14134583493278,41.46651045382768,114.7446021699039,94.7601689640744,87.14529648675966,78.46147884957509,42.45921916968824,92.355726165673,100.929644817295,103.10259620327966,101.5650789344418,98.79957633592544,100.34742036444732,97.0228679887342,102.49114584799727,103.41022868915202,82.58980226523822,80.32672618132119,90.48868512435725,114.12708902133322,85.28016764314073,92.6235444793432,85.0783378935311,92.59155834621907,106.58702022208276,94.7330983750134,96.19082813287122,96.38463039401708,94.9538429265119,93.121394226202,57.694486547717496,66.30301752973524,84.20887210139954,58.2768928326127,96.42790378683463,95.05663577379012,107.17757599088132,93.03957183177852,98.59780808906088,97.52522755230606,99.58893246259196,100.8938744374056,94.9977041397072,100.0,95.4240078742013,66.97004831607164,92.0,8.0,40.0,9.9,3.18,54.0,9.0,1.0,0.0,1.0,2.0,0.0,1.0,0.0,0.0,0.0,1.0,1.0,N3,9007
CAR_N3_846,106.86082174631316,99.91053516402845,102.57699918870732,100.0,98.0616927054956,94.89114494292625,107.3068331316333,96.08846868869152,93.68799821806294,97.86971557333293,98.41860380198833,99.15825231938187,90.53290746836775,100.41480999507068,87.39946085307987,44.34727622842128,104.2132580787683,96.28743092137948,103.89271175076354,98.69023503160464,99.75644862538256,102.6684615874116,109.52108468595556,101.6141325172554,98.53184823560538,110.3555089378532,107.6527380840901,98.01015531388124,75.01133163026024,106.55228528743326,105.11713161608084,99.71030651919077,108.50060907256707,91.74240847235151,103.04118593823088,38.474023813773655,101.57785153163825,93.58892443193376,95.26267148540562,384.66898399750784,98.3525619780661,105.98309620445964,86.70229813395882,109.56934617852686,126.99799711957812,101.55523741319948,81.71390188479556,107.51512907276836,89.08777677248823,165.28623044655887,89.25798507059764,59.37712109753222,113.91989694424632,78.69636727053971,102.44677849265844,89.31285548351875,89.81934212800928,88.73417693788078,86.32558790793979,100.32431239776766,94.37768812864094,62.92804329810992,99.23028417730409,77.76847265780522,97.37156335842714,81.95361367352095,91.5198232676572,92.9460954314152,10.580542012428172,105.35814084615956,97.1100543292052,103.35823826503376,97.6185959982057,96.70943983610634,101.8064854934357,99.83650451659388,68.81528257467599,107.43488541008,64.9769231746733,99.18452299472304,99.0771103264386,106.05575415635428,102.05770159589684,107.01614858845043,114.850842946554,92.63000250362428,69.34489840172161,97.33715794868542,95.02887458080023,110.3214157170293,98.55448353335328,83.08241954521351,101.104532142329,93.99465893560864,97.43760659166516,100.0,83.98949422355517,93.93301891663478,100.50866582447529,141.03398759406278,100.16974156304188,86.61165697164144,95.1793522402782,96.03733024241389,106.07379511192994,95.1234916677806,84.01693254881995,103.04109159712488,103.56657643619543,100.762026036185,90.48217067306004,106.68110880592651,89.94307688981256,93.0375424615208,102.34848263466732,106.72226084237008,97.51473229009672,99.47619803165352,98.4285117475239,96.98289685600368,99.03788254417182,99.9763629091677,101.66177681739818,103.72699221600512,110.5345547416201,95.6569678468092,105.55882539450974,117.556036163116,80.04857660243958,188.73199353169923,166.10765565016365,104.2411144502926,100.09069539995517,104.28814759845716,143.8414836543414,101.89393624847352,92.478784242668,304.4098195152121,123.28523218512352,62.33129955675426,65.24225245871072,217.8925411634056,84.90210376554485,101.3323282415003,99.07751400083636,91.13773567961202,89.24460253624017,97.99897631589764,103.92254429470157,114.06004258137364,103.16719185146869,99.1647831997814,98.1465660317468,101.02519008530824,99.42789166756972,90.78487219978518,101.53106024066584,87.9533025642001,93.44801888185852,45.48074723489483,92.07233083770684,99.06688186150213,102.94799043263733,99.56527227646896,94.03962441066489,102.94316505086584,94.53691686065278,103.16081421431905,101.01260707935594,87.24288640686396,76.41576557640681,74.93972225372603,133.1540760987388,89.72317548466391,100.0,92.644189241221,92.77727420962734,93.90091947615517,101.73673282076226,92.84454286444698,92.12125825269452,91.32122256480064,95.2137951616512,55.39666880721608,65.10752197772695,101.35972762257448,65.06228430289848,104.25423522007851,101.03103786354109,101.70787317861078,108.0279193571963,89.50475727530271,104.09358990794632,96.9735988242736,93.3878239247583,96.4899947143205,97.87750367575892,98.55962615827478,60.844700099928666,46.0,8.0,39.0,10.5,3.049,84.85,9.0,1.0,0.0,1.0,2.0,0.0,1.0,0.0,0.0,0.0,1.0,1.0,N3,9007
CAR_N3_886,97.26792048001614,99.75564833528335,102.18029395665044,96.13096443529837,107.30421164357516,108.0770067776496,98.2965681712534,106.53709062000908,95.08780568182854,99.2585981958678,104.80830485608551,83.20462692910576,98.49744522632368,96.94300261327392,84.74232613234966,40.141940896164975,99.23896784462228,107.85541200015676,98.4804056212578,94.23268290538952,109.78865213886596,102.27612490969292,103.42296771598626,97.79387561257067,106.25480500871964,110.48445376449224,101.9599111922482,88.91132544670423,74.45796613967144,126.05449057478828,100.32922106018631,111.47268996445963,108.55768328817209,93.6396946420595,100.0,7.754309993405884,94.9690304849275,107.0967168577537,92.4981971772963,4406.519677472572,120.3995433641863,67.2517892140699,46.24878151932814,126.1213905243084,257.1210439520833,127.2799810600028,123.04498040199368,127.2579913708178,125.39294019833292,186.2659478887619,37.46727894421989,68.10291456395126,112.32799920245708,67.89821426382288,123.7586706004194,80.43201050176798,98.78481570265647,111.70994402854748,84.39105484341574,126.47776793055212,106.2599196721645,76.89385203325057,101.31143807421574,143.42476059575557,112.96478980802851,101.7060943754402,94.61403548727998,95.50563162760744,98.22608438809512,113.79704810217558,95.7309152706939,90.16589704361444,90.2413000905006,64.9238914790617,107.87173092791848,92.5743046544482,63.13048116469516,103.6722697347982,79.22916858119727,95.71219197567846,95.80872781729342,103.96111209694328,111.45508171534468,85.80186942576339,133.3567095631352,92.59327004833362,39.29064000921489,94.60962202776456,108.96710854872876,3050.7693306531446,95.12205139769556,96.24088195246104,140.3975293498341,118.70020257856906,88.32304969511841,66.89878421553986,86.44795990716722,103.51689411673364,73.49427569470124,181.90623925539816,101.79598747789056,84.66055075997299,104.26867114203657,116.45131270113995,104.96996800339402,96.00332468309436,144.7228111368519,100.33506502407296,107.510652508062,98.71900725710542,100.75434573056232,101.65269178765992,108.6995068564358,93.17589532344404,104.08106055309878,107.67666200209216,97.44906212848514,97.1559900479182,113.67533166151748,105.53001784020124,97.29403802112452,101.23508234222054,91.79185103912263,108.12430414819008,112.7334634063368,117.57979752086354,78.20808432887297,126.5745595629509,127.95196424673698,307.60989365034334,107.48223258712142,122.30351012921854,7832.998986638661,650.9179588529083,139.8395956646037,413.4174483044397,331.5443381195864,828.1938886423718,112.20066675458004,103.52652374222644,116.49929537524604,103.65227382983367,196.98370469131905,95.78378530172142,100.0,84.69165332087586,88.64430663191298,90.95330481368886,91.5859021474576,90.66782505438876,99.33077116513944,97.0574260638755,85.30005201897343,100.0,27.004324321242585,87.6550369480578,91.56008754346558,98.53721601764256,115.90493980180612,45.05086145899757,92.18383487718664,87.71277620945507,98.5410948690974,106.99512312265692,101.60440616481212,111.12540176086723,99.24017001897884,109.639625244261,101.5381857380329,98.76729650664886,81.53135936975492,96.63143422821832,460.6444369046693,94.28161776180924,96.9978042867952,103.91129527855892,109.40350301542198,98.4791488447822,104.19814319074696,107.42330065680832,95.37022575646968,106.94596469757208,89.35569129637805,52.898505026355984,80.77315496166578,85.29104942251013,55.21213176104948,92.7701429985337,103.38121552243314,100.28841422480538,98.72349825584917,103.97313723548297,103.85817295341624,96.53662739008044,106.21628722358037,97.00779637146886,98.83024282355105,98.37522490974987,120.77010451382232,86.0,8.0,48.0,10.6,2.4,65.53,12.0,1.0,0.0,1.0,2.0,0.0,1.0,0.0,0.0,0.0,1.0,1.0,N3,9008
CAR_N3_894,87.20922841999806,98.93812922595416,90.03305778799898,93.67359905093888,93.30381855574072,91.4489843532435,100.69497822939236,104.24582972649952,96.45437672170804,96.32914200848208,99.23571629471766,84.23758384037414,90.56545448805316,103.28372984759382,92.99803629778395,51.01609441808176,90.3150645792128,99.20236467671673,104.76017333517636,109.78713895015196,109.31817043234736,109.24160886278575,97.81283400263128,107.20268412583408,99.49790198866611,102.18988013516068,99.57684747097278,86.50537981911584,95.47004140892192,141.0288857491027,96.35677837530424,107.36971931465568,89.82593120966335,91.41634448391004,93.55539997225324,8.309303504749916,87.72957038318158,103.69807879168816,93.59339042231072,276.5801604269603,88.1015855007535,64.35935004852728,48.59273175950878,90.99572528367422,77.66409721362035,100.98870162317252,91.62897049647572,69.79636746566771,130.86624117010652,155.53205967163535,41.85672054489147,61.430835472245874,98.06492531880784,120.8916597202512,92.5746917488934,102.0531377401354,92.73603832467724,99.40704425075964,76.99788266619674,122.53408046629175,95.91189049381188,63.474124179768125,94.45336231483562,98.37474469282638,112.62316520963508,106.30090500378805,94.06583035555994,86.20297091905672,102.58662776069367,104.45933424309936,92.9065290079298,90.58411190093244,108.92065556042512,59.160137633484446,92.12278315522872,109.59622255468396,72.8991874072497,100.93036253657594,75.14947502985903,99.75601109960682,90.59110858742318,106.06435674409904,98.49192912344525,104.3340113039592,125.3917998756638,101.61627522666664,67.898850639227,87.58348806480703,105.95379209079682,219.0757627326304,103.10204766926049,89.90857536426,81.65599937317394,80.87551590501717,85.72768416594344,111.16084124047735,77.65716866670076,86.90073719065717,77.49645381900876,132.91230733575085,99.01923234594172,80.23278451520086,98.34692726767724,87.95573736315335,106.90894251175388,95.12043847563828,88.45143657857277,102.23393339963155,100.57237238698671,97.64312174999792,94.64926502854009,101.85147355109706,122.77610065605587,78.27038416269247,100.0,93.52449007814778,86.94297742395271,97.92632124645203,110.37822745465527,99.19169055352435,97.5892587432328,100.39110953233988,109.50202868017124,106.76241224140703,94.19717852628628,104.3734934580681,108.04671481263507,111.04475504641783,94.9309432574963,74.9163558976742,72.3838826695095,79.06407399270113,57.95262144511901,89.40379061593944,96.75090597413968,64.74761013685608,83.51604630708911,310.19517763862035,129.70933384236088,61.18617768611293,59.7209941811985,70.59421023917098,83.63662599173833,102.5942430284007,101.40992900143716,89.93501024203825,76.68420222959192,95.30842171555533,105.6080609611671,89.51703871723502,109.09482417654093,98.64966156660348,92.66824302792128,99.76815897301496,30.92775887343396,105.08884000971162,101.15321363071811,75.88921316790935,83.40505428276245,41.93888175999067,95.44738979342796,90.29421138463226,103.7157721065135,89.08393068084776,100.51599722687902,91.3016032009566,105.48177127724226,98.45236546374748,111.6408989178898,95.0095501643258,75.16636565804923,83.18483209572088,135.00320322853483,89.43030358889136,97.02157003818608,87.92196484181977,90.9081500391172,93.54203870627632,105.54518984114416,98.84687111952154,94.68322926784106,92.85482203761184,110.44551189482274,57.8972893617248,78.58270272993461,78.33544005287864,57.550404382713246,109.00063176545318,101.29717325830296,106.74811723996156,108.57450472070988,111.539485734838,103.43040932114567,104.40611669331888,108.71821914124908,94.48062138451148,96.6373652483986,97.938740727351,66.06563821454812,94.0,8.0,44.0,6.2,2.2,76.21,11.0,1.0,0.0,1.0,2.0,0.0,1.0,0.0,0.0,0.0,1.0,1.0,N3,9008
CAR_N3_486,107.70757832494272,96.79482513758256,103.75567310802444,103.08279146515842,106.55447851241868,93.00610528180866,99.30743141385376,100.85386519052736,106.39375193841435,103.82236573346236,95.43419673032834,91.69622335401333,122.35559659570552,99.78082703779562,100.95417435488854,57.58393410492712,104.86521661047864,98.7437301900606,113.28689723740568,93.97049393615728,80.7384448759547,104.3159854519423,94.88934959375749,93.3726155184662,96.79541683463404,122.92715835034154,108.4533421836446,127.69483596620286,106.94935440574758,102.34075415460686,105.71396033964366,117.16534895958154,108.26562252713468,107.64467193212224,108.88667910158875,13.001383121625718,113.52427917966683,101.2911261988662,119.94386482587156,256.07925547408865,142.56154551028752,7162.541048740029,118.61709625141002,352.4473784667713,126.26319954550726,105.38095496667744,111.5981709040074,200.90894353608368,401.44880493485147,161.3952179240326,130.151764142347,149.64596290702312,122.55451495126908,147.64999016120248,233.6843085472008,91.40295751843108,95.29228869791372,123.92710885363262,120.07233135844746,100.3939324881098,97.07266436280958,80.6377028592409,107.21457573418084,159.4834191788148,103.73746037655052,105.5101666018094,101.51493376173414,105.81212950964272,91.8866923998014,122.19392854417418,106.10519184084627,109.25271324094776,97.81958396193625,236.23138379304527,96.80480701334858,102.95303694805706,87.57887922742346,101.5533172199118,108.48033158167542,99.24455900458229,103.98617849037296,104.48094538181884,99.57276831489416,103.13856915327452,117.08198359610591,104.6384506097265,130.5134617841617,92.75876774694925,118.85976187520852,100.74900081227996,99.30360256559936,112.36832078770344,110.97209722116726,106.04844434036583,112.50732895169988,106.84542013888831,96.48855862596837,121.34659434134484,104.67077830014182,128.4982492288495,103.85865385216547,107.4664692731021,98.1959060224818,91.59799233063912,103.3159782011782,91.6219709178207,86.6981623757161,108.70288149416804,107.37458084715132,94.2495939789195,96.52845118376588,98.97115845188333,88.62873730136826,107.28205337922697,110.3467549148668,103.06503094270472,99.82299391895768,111.70698654349304,101.75352267207774,99.31569561537415,104.31158475965556,228.94672018598223,116.29030278830258,105.47497996476592,111.14970431908364,74.8918420151366,89.02286533908514,155.25862036091334,223.1912029682185,709.410715481678,205.7708960247612,572.7548658494746,494.1997445561007,125.8801414570374,175.2058144928945,384.7471446275149,300.4145869565872,626.0254444545862,310.4412133162765,280.4922646465638,151.0479884337211,350.6371973781646,850.4832885420086,109.4824893712486,97.6050404178119,104.7171075475886,97.02996883115318,101.60146758534212,103.40284855009985,104.62025221215238,108.98652947089418,97.18643097952408,102.9576159201539,104.12714433471608,52.39229759196913,96.78702006490444,93.57687564335356,111.63287928015082,118.8020987199767,192.06189757163608,106.4656370488304,104.9724180291349,94.40792535914022,103.58170687075238,109.96979494916192,111.83035479976218,102.11674079289251,108.00650040760486,103.57232521655273,112.149910858278,116.78248401292312,91.0675727234308,207.35372290077035,112.23901649995072,106.1039783177302,91.20006365383186,109.34780228278969,102.98157127145718,102.07324289315224,105.89561740995784,106.78787534192888,106.4562218121434,99.33467063763705,78.00518458646376,63.57260226719304,80.85446523541918,67.34483039861827,100.64566279033244,106.21067928001848,100.9725755376018,98.62945421555516,93.07315974671891,104.50813657858698,105.86382557582589,105.62138353926797,97.60280959154127,97.78349549705176,109.41953061462988,148.2960859582524,86.0,4.0,42.0,10.7,3.7,73.73,10.0,1.0,0.0,1.0,2.0,0.0,1.0,0.0,0.0,0.0,1.0,1.0,N3,9006
CAR_N3_411,109.1736451561376,102.5734068208236,104.07428808110272,107.11329901580936,104.2035742679289,109.15479049024682,103.05197974183967,108.2759698238996,92.65361188845488,94.95105963670424,94.27544274257176,90.56272364598108,115.459558035683,102.73633937273442,103.85478559088754,97.52076490906444,101.6389488110696,91.2953755726425,110.48727002986608,97.11201737063288,105.25241528307168,104.41662214713116,101.56801400752234,98.81371787783438,98.4329430457589,123.34263364862296,101.98848623782769,123.58321349624504,107.39755515650396,113.10949481897842,97.91669906639844,114.71187339896998,100.50925609333228,99.00935861938518,97.16153066373327,3.0301294324922745,102.78398610608714,97.46782675441594,84.82335122858306,601.965258228515,133.21153866292562,937.9544383019268,97.88525071286575,340.8694486219788,555.364300922036,103.46699152370128,130.2975014804924,175.61311468359227,384.5771971749988,169.09825675263372,93.51258059821916,151.308768993154,117.09301214593738,314.6271424761775,259.6492138212827,102.03858171637545,96.43704633719534,104.85484155335328,104.4340191673143,118.85781401830776,93.58797772863974,73.64109993919705,103.98155193508072,133.48437638587555,98.84715160148856,99.77078613978564,102.38557464335211,91.26490534378244,101.65054070887696,125.84731660420388,101.59900120487124,108.1743888651599,100.41739491342554,233.0107934516093,105.91756954661568,92.91987659635627,70.8475406300989,101.0006790905976,76.36088175641574,100.76342869440856,100.0,103.73478595216667,93.75219209334644,86.21083644028192,121.85235589872777,99.77520472099135,165.76112960173228,90.03117717606658,114.21008731265212,152.09305502509915,100.0,105.5849412890764,111.43143885651756,112.39121090621434,105.08459882449608,128.0680671395999,98.72391467665328,115.85723112861164,108.9294813975458,203.75110048198613,95.61198278987663,99.7540139723705,97.16199926443166,117.32475622136246,104.1219935520656,98.58831185100745,73.59135308246506,93.85152264014737,104.46068634608947,102.09505331509686,101.2625482843586,104.214474520535,82.93647177221702,110.49725607231188,103.13063339580646,104.171278118073,98.07759628428636,114.33279303374202,94.28880383505836,110.95757883942244,96.1232929060842,177.54549253182378,107.30292456514178,99.47357905137228,107.4845364597848,68.97109515620201,86.69533973698242,141.59226277530473,239.26326867036383,1539.7507925033708,208.787411147363,1094.4257360033578,352.0881371536974,111.8763923116896,160.83697178016837,511.4809281836901,370.37218628978496,433.750083578342,418.951122017749,316.0867833102855,163.50419835233993,527.9305905282232,1133.694680601353,105.49776423874536,106.99634002800106,104.17112142044522,98.71166912078596,90.95987853789087,88.32036391733931,98.85961042596354,102.98480316876535,101.24551547153332,93.60095169353283,105.77084054261157,26.695090978092868,105.9991240728961,92.68163535873774,91.12901300467988,91.468727907495,94.34564009468096,95.84015225153028,92.2875392240637,103.01811376930618,94.29285665730389,106.89926140531972,102.42128894553488,99.0968569296051,97.73358347938188,106.9068611511047,100.4594941395774,99.56365708065115,81.00127727073419,174.502009397808,105.35113741885966,101.38238334947292,101.7025044945389,103.24018865722252,105.14450260532529,92.93852797530624,98.10770184045872,99.6352810670143,97.3799422235508,96.92140237981768,68.18355580175023,65.93114636859102,80.80441667631756,59.72563898067898,107.66579815476024,100.44732562830464,99.4819053174448,101.95180706821672,100.830607711252,95.89582255932632,100.80169658751193,96.78256916657148,94.31827846760936,97.48961978674014,95.31130154147876,95.50512456102418,11.0,4.0,43.0,10.7,3.5,67.57,10.0,1.0,0.0,1.0,2.0,0.0,1.0,0.0,0.0,0.0,1.0,1.0,N3,9006
CAR_19_811,102.40215591619253,102.33972554205012,105.78871028534488,106.32454970125934,95.89281132876717,105.31471943244654,98.50609535149408,96.6854562583533,102.82024941572315,103.09052542899832,106.7650292643934,125.022295121583,80.15359708432278,105.31064041340676,91.88427539006176,53.16667537423896,97.86604784500857,107.19213519788708,109.30938894796398,111.10999977439792,97.49481171301044,94.02987727059865,97.986337029199,101.4554429470435,105.69129444053216,63.31713929143199,97.61734275839883,84.01714439780109,122.15947553831612,154.92522921101954,96.25490280765676,88.26194227964078,108.768760026409,91.37696469543496,97.72858567915702,97.24928323337116,92.62798411225576,95.85227773933065,96.66481731456412,145.6943240363038,109.98972231445232,89.82122651897154,90.53186787664832,106.48047426246228,113.31783901739352,106.27227391733044,101.5974126339396,127.81116201299052,132.83746075651686,149.39442454870198,94.35499349197612,75.79150177217711,113.1454268375391,87.51527125158039,114.5857730767264,82.71755931986816,92.7404223549428,67.37981027230785,87.06233397516442,111.1253600872288,89.33904096150758,75.41185888350044,105.59679614852996,110.94636457682698,94.87299107919767,74.21782128114353,90.2097063490702,92.4026142882685,19.05984240152925,101.1898042148248,106.52095590799004,95.71357294096376,107.53764958673617,73.495711831333,110.63376833591536,98.453220649377,68.45190542283774,106.66440487847996,90.6087900521743,98.16137063807966,108.78205989054592,102.63149103155529,107.42685394277332,116.3411211224083,98.8156648528249,103.36396522849844,65.86535593377141,88.35800139627393,102.60235830472205,262.2771020407865,99.1339079745778,94.35099198232882,105.83786493073012,110.24462717514932,100.7127125439871,87.69201433121884,81.28085627621189,97.94932243424228,76.5814213933195,93.9440572230876,96.02531888851745,71.01488158267236,103.6091651089182,87.87778279676112,95.96172963499878,89.6991666048513,68.24393790867704,106.8312834879532,99.55923403648931,92.98732972158992,95.28865133303792,93.13089147952977,86.1047834652942,81.63921953476894,106.74103204149102,94.91632955382738,97.80920257264587,98.65461667883704,103.93280261676044,104.13082446373718,110.93326451561772,101.13426758738672,105.03842910794096,97.52908358792985,110.3195762417331,108.69228777337626,94.0811541074189,93.35824340810476,91.98952418017404,248.27648785394484,93.07866413935116,88.960197017456,444.93242757832815,392.7924507864438,119.49300881898476,203.07656014103017,173.24378558794936,553.1009870475315,107.39365399549354,40.80363651649102,102.5778250782294,243.46143821190608,114.91280291166984,86.07253037192233,105.60652151780636,105.11482378029302,101.36853046814262,95.74349442011004,102.6656770374924,100.93265883597864,101.60754142933403,98.80586870384924,103.54484690654476,101.23335551092268,114.58777799696428,98.97128590693768,99.2215456711927,60.31166535418418,84.24618671589198,49.54452981677888,105.20548871594752,87.69787431279816,100.0,102.73838348463414,114.4920617498673,100.309042410041,89.33622954625119,97.3034303027138,103.49902709262236,93.70953584461968,97.54360482307708,99.08409446129272,86.68337242470862,87.9673317486554,96.26142480880156,102.54468222972496,106.60197935362064,110.5930300558074,99.2105232390714,106.1253685515447,100.34444114360984,104.31472107784826,102.7780347370382,62.94011409350615,81.2961089121276,89.63912141402825,80.07437090957644,93.1831742461956,102.87656288156828,101.56935649564004,100.0,95.70018317958272,98.7603849614239,102.42390043459646,102.3874040753842,104.58394669963272,93.93016000809897,114.41566222255211,89.13829885359077,11.0,8.0,46.0,14.2,4.634,75.83,11.0,1.0,1.0,0.0,3.0,0.0,1.0,0.0,0.0,0.0,1.0,1.0,19,9003
CAR_19_846,102.19546295170989,98.03177346641738,98.28200051408804,93.04642080819532,105.38418697582637,97.95645799547252,106.19973723994316,95.6767286137108,90.68228312742592,98.50880092485362,102.96511786146212,114.141360828147,88.67661486534426,108.91841541568712,89.09207059287236,44.55150641151157,95.3432409959063,104.35823336093256,93.44385400085336,101.9646475557382,112.17756838993007,104.53638474607511,100.17631641006356,106.99457414695908,101.0277062511126,65.30422283597798,101.96224046983426,86.29218118153288,73.45289856460866,91.57563313709618,108.59678121696876,97.10306528357673,95.60801874593594,92.59664213815888,103.04118593823088,182.8530735927355,88.42908865692485,92.87658271074356,100.0,96.09263935143704,93.59329656213836,94.0169037955404,78.56084799955445,102.39233655911752,106.05940086197704,103.75849044922738,71.75301133241113,103.38441144692152,85.93134858456413,132.96631435184983,107.61933616916012,58.35462597802937,114.26359811505408,73.98162887746427,101.39815917008978,80.31315477463384,86.95294332009888,75.7952118649214,74.73628123028486,98.93167688287424,112.36908605836403,63.05202977697701,95.12513316222984,85.27680608207524,91.7861354762593,80.13343692216002,91.34315290035848,91.25929216351766,76.98877506132717,94.42753348506118,106.00219467237152,97.20146803012368,93.93824435194912,82.71228089388471,100.51613875028642,92.47920840270886,71.47559021503827,99.8141278342468,65.8208527491749,99.45634863195352,104.61444836780704,104.40418484969838,96.79913074342896,121.99657399475387,95.15074516322882,94.47250191610792,68.03485132989348,101.45245923070124,96.33706551525884,96.38268141602978,97.83172530002992,88.46528607592008,97.790935715342,96.30440550457833,95.13145253223372,108.10229500994028,84.63638335868916,95.01640837864971,93.55689930757632,101.9684200937208,97.28413587306508,85.76160351315936,92.58361878784486,95.41164561001054,104.72406290231052,92.5792264621334,78.40883871611642,105.0684860830128,103.84092839755434,98.22193930579569,94.99061612173055,100.20245781739722,93.88696828120229,95.77279364870446,105.74073531896764,97.21837487035792,97.0628654004206,99.73809905772042,107.85744150411084,95.8857684226824,97.11364771277162,99.4327095713189,103.87747932984352,110.24922849973282,100.56943534383362,96.49216633373716,109.1841463343008,89.1962854103949,67.75965637798761,112.20979235272095,142.94749054554657,77.83053785199459,44.76649658562855,96.68014375816992,136.91914419067652,63.35291453784729,77.68294995236924,153.10144758207147,89.55428840600715,53.37046332201294,65.14915135538939,175.02892470324315,63.18827557580453,96.95467827091396,91.00576157217807,90.38350047648358,90.7208335186462,91.99590544407816,103.19614718276708,108.53645440707292,98.6803366638502,97.79264129626512,97.45152829365183,96.1555372475239,196.07333981685807,97.01130993696052,104.15573501451664,107.08629259581862,80.7808554587625,42.99099213196932,99.5426345266493,92.5350551651444,93.73552024247827,98.04372524411023,97.79245352423816,104.52794628958924,100.0,103.16081421431905,94.93696443796064,82.2428899488094,76.62025317815686,227.5244778485909,91.43908831589812,82.49133600828527,94.90982359612508,90.2585208681354,91.01171907002292,90.415730683938,95.44107606415083,91.90303534465924,95.27275496692738,92.11020235360236,91.53209919991475,58.50936597899167,69.1309411641741,113.20878266384368,73.63191268239461,101.5469946254831,105.8425478640974,98.07864269586108,99.82919315636197,93.78059685585023,98.93210698442668,94.16336923221216,99.5867389465798,98.70684012849112,93.4692420919979,95.1987537776894,54.66634903161173,46.0,8.0,39.0,10.5,3.834,84.85,9.0,1.0,1.0,0.0,3.0,0.0,1.0,0.0,0.0,0.0,1.0,1.0,19,9003
CAR_19_803,97.69230615296772,98.8584154879276,91.3621794504838,93.33230601772158,105.85230418555447,107.66381857180367,106.6337202360603,94.44626434730206,90.7810244217397,95.67253364679596,92.10865401164608,111.8086142006905,93.58120718032112,108.68287549404684,84.75219935549134,44.478735855209976,99.4310719956464,103.0129807788907,105.04693591122926,105.13855763068996,96.91067274949438,94.73551593849604,103.37172897785376,97.5335372472217,94.84122191766257,50.5396931209489,98.74703004208916,79.8532380389523,99.82011205303476,83.71691760174478,97.03937985075042,86.15632117113464,94.67455747040354,92.20257138127432,93.3407752280325,43.788566246468726,87.4931723561674,93.01378379552185,116.1046935716706,74.35555278345167,101.05916997676977,76.89795080605336,44.54491112359931,107.1549706658367,56.42597785972183,94.35319077199654,87.85788582285741,91.37910597231716,96.30844403439951,97.63376157369592,57.270417166144135,53.82488911147634,89.45044965851464,84.40251212458622,102.03146629608943,97.8915545292666,103.88357516816032,79.27259510999008,125.23308053686377,104.24114447429316,93.3812945376948,73.88769647009013,99.03513574547816,151.77460250930062,111.80372079846028,93.04457547170584,94.69943641929872,100.2356406879664,258.3680943061909,106.13740527925854,99.05992348170878,88.434286245061,102.47342298562214,60.47083653175651,102.67660591717362,101.28157368617872,75.1315721214544,112.21387207812336,84.25673836195591,106.71085108007917,106.64942543418886,96.84025986901608,99.15972717332046,106.14201877114472,95.07401223351935,92.39100201336804,52.88966971920736,97.78294701287244,86.65432539319747,187.00906308374533,103.8706685345226,103.62558073242462,78.36399692131275,102.0885490378161,93.72693112401134,64.08178356398197,77.32190882728588,94.4401069615854,96.81702340877622,90.16259212525762,98.44694456436804,71.77273639745431,107.97420487850476,88.63620076662711,95.23688544365442,93.96241356583587,74.31526390371538,101.1461191751237,100.69473143731454,93.4082724414228,90.13557831022015,100.0,110.24542701139008,97.96751269625044,92.194982615181,102.05446656247912,96.03008020744656,100.286188116201,107.00465350357712,89.76685189895632,101.70616788466282,101.070197409296,97.38824647811016,98.90671782138456,87.18272152423192,93.8205920746306,127.53766939382383,95.51789665860372,84.6074071565228,97.03567017886004,98.12635455897885,77.42807193038286,32.5106580939197,86.79082260161078,80.03416972269851,76.73966615993001,116.55707730760402,234.26539616542715,68.96875708575897,66.66862822258375,65.91500651764932,127.92081273047212,87.30179948781155,91.6892384791466,98.51095616990624,89.05669826045326,87.45263328311407,90.68858702924491,101.29113846783416,104.81136637376724,94.4974455079258,102.84857514488624,94.81128088549865,100.28261202842891,74.76408041244508,95.5181206012352,100.50394051327577,104.51674227446289,101.11239327755506,54.23411116740965,105.6551742221141,91.99106421856732,101.00849774569384,108.48734292051591,99.67360950104504,109.3050893533737,91.82796851373185,93.82626929301487,102.47374017525556,108.68969739309397,95.05664824198692,122.33367477302384,87.802240373621,84.60850350670106,97.23896892348913,93.12805505741672,97.98227644137012,90.78102983118067,100.0,96.088397522874,98.59536369533878,93.7655765551245,96.4567322105582,56.55115870680344,69.6552897240423,122.4439697048356,94.21350655374978,99.04562580389572,103.63711688131998,107.1790869057758,97.29835247923984,100.62947503646276,97.6184563472769,99.1190389055262,103.8481695981946,103.0630633908054,96.80658636234249,109.37136586386607,63.61470069317421,3.0,8.0,41.0,5.1,3.367,47.02,9.0,1.0,1.0,0.0,3.0,0.0,1.0,0.0,0.0,0.0,1.0,1.0,19,9004
CAR_19_892,104.1349045183866,101.03566952007388,93.24132170427762,102.25189784508476,94.70061314975229,104.33576301418694,107.95191766859452,97.10108442331374,93.54758654412284,104.23634884992404,106.3532888351432,89.84494719706977,84.40270421923427,101.07997437850078,93.62989770745456,50.034039573757866,107.7700389406411,103.72513354836676,92.95371776468842,101.2637164540938,95.60551932303176,96.0851158429378,92.92886782880989,100.0,102.88788627324334,44.440084269642185,94.2858183121694,80.15514015166148,86.23636574071216,151.98725747392405,100.2297517953574,91.35871647942206,97.97811328387688,91.52748522733008,92.93713536035708,91.83942906099624,85.67576096793603,105.57931944885291,79.93672925577485,112.56453570789722,88.51855353432632,43.6803437313294,48.179141772809565,89.54556378083326,42.75541136304106,105.01576108534776,63.04696186605604,74.57496041883967,59.72949475883375,114.76121619024714,52.938837024279856,56.30911634499794,102.42303756707696,15.574486864568048,95.35058041852214,98.74614706965966,105.9439648260866,105.1287436958862,110.31168742037708,106.8733392857701,103.12475175327828,71.61907955656702,100.0,103.69717567649604,103.6207406948513,100.97594925517362,101.85159597585408,110.17066526277196,102.23825015853424,94.77573439827766,88.76047679219703,88.92942682673892,112.63251913048452,54.74856159136265,102.78828596153036,101.84343841642271,61.48913540276932,111.20137665351122,60.81559263490167,97.51707564026326,96.34717898460904,102.4276182456044,110.65871166991724,98.62284334797666,87.9156515417163,90.85246428043864,31.89055720035409,106.56056105215598,104.96186591143464,97.43643767342738,106.34663145980798,88.58893394663686,80.58308521678657,96.91061433172364,89.42914787028884,63.20868134317034,62.098499549537344,84.23626790953787,61.47770203332133,97.74311255928194,93.33832241402231,71.26872369886294,100.0,85.4196576238147,95.71166478154784,91.94637490320764,77.303290606385,92.32155870675696,96.7792320465528,92.97012804647616,89.56723899025923,92.22359863932589,74.65983492863369,98.0209709837192,98.55311970239532,94.59261308832444,101.18777276687172,107.3188266895146,108.85164175320146,105.60947079329796,108.85164921181428,100.4146604154488,96.3086897361856,95.56385515937004,106.92898330844932,101.2078181704189,80.11057571875973,91.73997952719124,69.41372572969881,58.962442860801424,103.46429154586728,54.50775879497871,31.16013379782568,97.89433923773964,117.7780015213546,75.16237790106598,69.88124362296014,266.4120454911099,85.05267972949923,59.83189038210045,68.72752264942388,27.22989858887137,64.22626737511983,93.84022616652383,107.18590320969936,89.03594636858553,114.36917791087564,91.43785538054384,96.9006464583438,97.54973910114894,92.96563861849545,98.80854784221307,103.91653961976714,97.07067296081162,133.89448275569222,115.13261802123871,102.35792387553728,81.17704130500269,79.36429112630336,41.067827432841504,99.1179684419022,113.0150277315232,98.44870193769025,98.7479368676389,98.79957633592544,97.91547749525084,101.32316973907083,104.7054976554678,107.13047817605896,80.43041604047482,75.20766000730451,94.94078996268082,87.05016839338857,82.33620117176886,89.31685756951988,93.63634997679698,92.32697112123022,100.50669387458008,91.30961226423618,90.204986670512,91.73629807648784,103.78461780511606,93.98121998795143,56.111154795367085,67.69189603971375,85.36998445164286,65.87503054397776,104.39642606629975,93.87964426382528,103.1206852609105,96.02261250902912,94.39123254089594,93.40060680614953,100.0,106.70405882335932,94.08819586032445,98.65236920926957,91.82858548395691,59.90421825116835,92.0,8.0,40.0,9.9,3.499,54.0,9.0,1.0,1.0,0.0,3.0,0.0,1.0,0.0,0.0,0.0,1.0,1.0,19,9004
CAR_19_894,83.6118239491983,97.68319105162522,94.08212801341294,97.81009199223124,100.57395838604846,95.15980249034624,112.92659444713976,108.06707663356616,104.13656055159284,102.84195454083776,108.59819249228391,99.26686436800956,104.19313135981216,110.08574173706434,94.61387409500271,50.1481625187858,93.40600137092466,110.50219907775616,101.75374805469065,100.93210846811908,98.66883278318718,100.47801417884156,94.23383497358658,95.12076242213568,109.53986197482956,60.09156701396376,103.17364361220991,81.59824517391309,96.04833398210796,139.21878790729264,106.8492566995616,100.0,97.41023706589844,97.76078553080828,92.70742631454664,78.28366205014427,90.93875966758024,102.64148482757648,83.25545240373314,106.49626007189909,77.75513818228347,56.40564568196187,43.87337596953623,84.65938381846948,70.33591337342304,114.26555202752614,84.88834493346947,75.14971855190052,101.8921833774376,128.79440133720644,70.63253414736685,65.05271505539099,106.77276129087352,82.75026475366143,95.1649155777141,104.87620212307742,85.12617362103842,104.1506898905734,93.16768790283898,124.27865445239016,92.95936700897248,68.54302123138369,95.5626898385162,97.02036524592042,119.54554614550518,98.16223605040194,102.4725707505912,95.6593616070024,89.65348881300547,92.64209858951132,106.8570220051988,93.56963739170592,111.2259935019816,48.10213642781256,89.45469359355124,106.80459418140735,74.41319929599865,94.8830063740042,64.36071055984375,93.41229859965529,92.3453086728359,105.19802003925363,99.49730970781508,112.13523169944976,93.8871592555346,104.84882567999986,63.27410877622951,89.8894116960591,109.63947289284904,196.8437957233785,101.24081906770418,96.56462139649906,77.02367597076473,88.75030351816199,94.74177838874934,84.47187316773831,85.62559102187649,91.62506150616278,81.31474504548353,91.5840675526311,106.86537357840794,72.72430726861634,104.72306505787748,93.65525453110249,96.19303172912376,91.80233660556594,70.99883230949472,98.0142815096153,99.42762761301326,94.73168396697926,95.47245506256236,94.4455791873373,111.5105024980347,82.22122340583928,104.41755672486298,90.8138114716808,93.47148874630624,95.02317104222791,114.08473725378518,96.7667623718699,92.5267021652023,100.14454048100228,99.02543294186916,107.8027833771651,92.53922953379664,105.8947085615264,110.90200070116144,107.36317003094524,90.05685021789706,66.78397442962759,68.37739933652261,90.03051140520041,51.19612936985481,95.0551022790179,106.9314006276026,56.73198553672255,82.13189750477666,205.67966776786395,109.98848288664976,74.90485624735024,70.44404047080191,61.26590299202421,91.09335340197764,89.4234706983943,103.1018437673068,88.55354108955139,82.05186787342312,71.85053052791575,112.33773413363818,94.75851939620814,93.7772255680782,97.81373778816568,92.89736041520818,107.41891341881464,155.70017694599642,99.1518599702262,108.73147497046216,61.90229258845917,79.15983562459428,41.66336237375447,94.61964245872718,89.12098420369148,96.2842278154856,97.51279430751686,111.00794008584552,97.0099261243636,111.79411397766074,106.1905383179502,101.92327893150696,92.86153028916851,77.33761238891167,90.19115204812148,88.8252684169623,87.79274502219381,101.1913719660631,86.57996087567737,98.30849306853902,93.3845274468558,100.2918520559098,101.72969328257236,99.30650819304626,101.61342726300904,104.45218540930414,59.9394964203032,105.3092717412852,98.25285812081252,76.02587602274157,100.56253943209508,94.25537524565308,105.54309625806611,109.54520340446392,101.55339231045896,97.30467842202226,105.63003796997364,104.1296827658359,96.82217597929164,95.70330001178888,93.61009628622227,55.03086732318913,94.0,8.0,44.0,6.2,2.2,76.21,11.0,1.0,1.0,0.0,3.0,0.0,1.0,0.0,0.0,0.0,1.0,1.0,19,9005
CAR_19_852,111.79646842397084,105.955794460229,95.39481756906864,107.4968598222779,95.01672371908585,105.68712895928196,101.51239131883202,105.2098235593362,102.09795429683948,98.34368351794792,104.70597652405066,97.54612237957794,72.5497352066248,109.82141391924353,84.77697338320625,79.04834264202705,97.8249352200311,94.5565569542352,88.52602644878698,111.47932534959784,102.44387711311975,104.21305711857866,95.34945771957445,94.82876858664127,102.426120205475,55.256232554646445,102.47233695801208,84.75854522735109,96.3345677090049,90.29372646613128,108.80971184778848,101.97156196920376,88.3879902438815,105.0618364850894,96.29814186296171,115.38543094282868,90.58160871971128,89.37717258685201,84.76879737860502,75.90441398590029,99.7361257016753,68.6611618535068,68.00193536596274,100.50901299313064,99.52516581808516,111.30424020796282,71.0038172104263,95.03711332822226,119.38275936393798,88.7901442567818,96.95402292240838,69.00523845155448,110.99175399031324,102.01579366235988,90.99132047038108,107.35105717355576,100.82636073151583,116.69707651367358,130.45362295297477,95.8998260827251,101.50359295044932,73.95673674405325,90.70872283626922,129.04573995023762,104.69857414144003,94.35187188995562,107.47596729387688,113.64315864707464,101.41158925206312,86.38499269978657,104.04350297008634,93.57711496063004,92.90773600550489,80.93740724071502,99.68739354237611,95.46055006145104,73.57768088595651,111.6339735394505,124.61149984544272,101.15961315321348,105.90080858070834,105.5662733586602,101.03411981606824,90.50044921326352,77.29144069112,83.91646653477892,34.91283919571785,82.13531624016852,92.25465660850318,98.1496885677768,104.93066277455908,86.90745806279561,85.45946966555893,111.03751380290036,84.72661209062966,98.66145702493212,80.6930362319613,83.30484422115468,95.86308869431528,98.47566350312296,105.7204503975439,70.79964056820866,92.8399737023132,100.99729596799904,100.0,86.33631673773722,63.0214820289719,101.54410360628792,100.0,106.08147257014356,95.8748244687709,102.97121631716206,90.49194413103169,94.4138702249136,106.0622646862824,102.17704212624484,110.80739536795318,109.90362735127964,97.65840051948626,91.02355235921216,98.58784317431434,121.13915673999745,107.32447031203752,107.53741090094812,100.34044814596996,100.21663261184084,112.8183173400843,93.5915751806162,90.58797762932775,99.96439192354,88.11805084553055,95.2026599842529,98.66904782118316,126.48056194890904,79.34784456280794,89.5894186177991,134.0701249975873,227.11211836553423,95.12581798669272,84.75550408951523,76.59109857272728,100.24264466569136,71.49446575443024,90.92542994361732,93.4108903329297,89.81693948064942,84.10819368813652,94.06038109951297,98.44479119671172,98.08890136792876,97.59770282871612,97.3643968820008,105.36798755711648,90.21071630168724,111.4661956449978,90.98772262253338,98.43039360241536,94.72812044025594,92.23052774394922,52.29150074813024,97.79515206710415,92.90234161118929,98.20364093441574,110.23249143227254,111.6116314243252,100.78809833716308,105.85525822878486,106.83047599166022,95.3451072696293,91.410987461629,76.16080352390806,98.8930807548225,79.14392441244823,94.24768364134115,102.73386021202772,87.63168037809861,87.21952688703112,108.0765721597592,103.13358057739926,101.45528393839622,103.89873730937124,106.63068095486784,90.57499510905473,55.87880996745509,60.6378649277282,99.73093468958125,113.30536462521076,101.83751381653946,98.37522034149936,107.67052651194534,94.7040121904644,94.07822583133948,103.4617629068829,96.60927818262084,103.98580902211212,96.20836020014272,105.25929780959248,107.31470801497498,55.092140018435245,52.0,8.0,33.0,9.2,2.126,49.99,7.0,1.0,1.0,0.0,3.0,0.0,1.0,0.0,0.0,0.0,1.0,1.0,19,9005
CAR_19_452,104.19731441558457,98.3569822270126,94.065121589006,93.45643815146721,95.24434986175436,100.0,109.9397611944693,101.87099663417614,94.9123954975898,100.43204103847586,94.21181583651864,103.14778802477164,85.97975270661,95.64741789154081,111.30370026042334,92.9551613941765,90.6272874444964,105.22735161102806,95.7021570315309,108.68133342639982,97.39691366221604,103.03050621248232,97.97362335070855,108.43133707288874,102.4870889006466,71.17417315096932,109.87903633926956,101.30912529848698,90.49309003566577,97.65024013761655,106.1908715459376,100.3599280109722,95.95782169737149,106.71792601172433,93.0027016539253,79.57734773341375,99.31213308825357,106.31098394992537,93.66169561221581,15.389269075733154,100.0,105.74162437508465,103.12067543725598,101.63681481714404,100.28842952320161,109.85561820713286,83.51402797951054,94.54524627379922,102.74923911302014,101.44597888910343,98.47979611425691,99.04305594166931,101.4903886767373,129.08032157915483,99.46429811204837,114.94164972667107,101.34375165468825,105.4072193295171,100.0,109.01392989311299,101.91633801096103,81.82547459526624,84.06941777193381,109.010066059081,101.94821576432994,107.11218049255085,102.40385202668469,92.90983568301874,116.85919657172464,90.99572835665492,98.34858221691256,95.49659550564547,92.7208257535755,88.49760020507509,106.45185478453152,90.05361856545426,111.27127292028555,94.9346272943651,106.72156416264593,107.15088083054772,97.864058594187,108.10515017157459,94.88151791602932,86.49570633817294,95.40229399897737,99.37154757486526,109.71594869536652,95.6810613667582,99.26014360534549,106.9993029048849,102.20149090385556,86.6764566826066,101.8270645665838,105.76002221816515,93.73183117385335,101.61987587100668,98.97149539135624,96.85878162006733,103.98079701877359,101.90020960896527,93.02825749989535,100.71541155483634,107.09811667667859,97.09056702945543,93.28469480610005,92.17369265666377,66.12406017676652,102.8857246771917,99.28361910947507,96.01803066585518,104.10010665848336,93.84771634453895,103.6471654304352,85.35355989678877,110.39771938106682,105.15860909628728,103.02289482720275,96.14374600558403,100.86161741784142,105.24697982125244,103.68005211301667,99.34380703468084,106.1751006018316,99.49845320049795,109.19184942023948,101.9606386386032,111.81271847636441,89.96388633472117,84.02786416528465,93.87675523987578,95.4648122050055,100.0,99.38712661616407,100.42120781225245,86.46907069616013,103.85182004045043,101.42528037979406,97.47733933587813,98.83355104549989,101.07375880468895,96.23016896280583,111.99467725003544,94.62183069468145,97.69361862048927,92.50126462835507,94.9128268904362,93.44584715337294,104.94806694720056,101.54487393879033,105.41334964762578,90.10206208956478,100.46153058396192,98.304779511221,92.79874694135151,99.41189380486308,102.76863147495635,108.82073740313979,77.69599237704469,90.99429421541603,50.84874827607425,106.48636052779119,103.80708259689368,101.79353578901174,102.9381780319075,107.33746762087627,105.94312880957021,105.40243636262795,94.9422046702361,105.12613446787992,83.36407017925333,80.23485292570132,98.92465059146869,82.34931759942182,92.23071546547517,101.47480891880627,96.26522942434202,95.5053803214955,91.4495272164416,102.09931082912237,107.93013530126353,95.2449907427393,105.42539511960166,97.63453284236265,79.65454938295372,86.5034212698217,106.07511413856997,95.89260442275383,99.06304122856196,93.69250402830781,103.86046629023795,104.941469823429,99.25648411271752,100.33847009300624,100.53870598271914,99.11893950375226,98.98552524490412,99.50059948290709,92.3562377845916,84.50016367075438,52.0,4.0,20.0,5.7,1.68,61.47,5.0,1.0,1.0,0.0,3.0,0.0,1.0,0.0,0.0,0.0,1.0,1.0,19,9001
CAR_19_494,89.1009738289999,98.9141323291004,110.91795548336682,102.01298126728352,96.43690353147136,107.1714801614634,96.9409992407238,102.783255806565,98.84357833305424,100.56977725797438,105.94955219385388,95.19588461696593,90.27529679560736,105.23245569037068,91.07107295643723,44.489602661743255,99.73659099524924,101.97747689339472,91.11407973162308,106.0083546362513,103.45850518784032,96.87104403859092,101.28571942982234,108.68518546205252,108.145773359529,50.85713469388791,99.45101968719466,86.38192036256977,69.33064973327514,90.98591330142229,91.0008689770284,89.11544834694706,92.82689783768554,91.38558198405514,105.47106458678212,50.3334042815416,86.35450735662467,99.3144279632806,90.6339382887684,109.92004966773293,104.51070750573771,77.47806177583834,54.00095807556232,108.04630530776429,95.08357290665388,107.39887496604766,78.00699248472377,85.87860249388044,56.65787702242101,136.61200519103076,54.79389991557721,71.51836813541374,103.12542462676184,77.0017548668585,95.63653776323322,98.26177824970183,104.28410611237692,106.75415793708402,103.39656666847554,115.9949192140041,99.764155431402,84.04830271391553,92.64687009897042,73.09899693476996,109.2609404024005,107.78898231356136,104.35782589787792,105.65544689094556,102.94304044724832,96.89707260976516,103.71701116357406,91.5095944762422,106.14126881848595,57.91811003770878,102.04798041511968,91.11931822659132,93.97440760144028,110.4875498750509,67.27643968570571,104.45017037525186,97.96722587426116,101.90945417863638,103.82121891126728,102.92389449144352,72.5839374494543,99.1753009214676,71.14548684855937,99.7413094608893,100.52896935662848,88.01011726356887,94.9850510790183,94.56600202109348,99.22474153714086,99.75113969969064,95.34674020205722,63.75284136794856,98.09929719475149,93.31013906426482,94.3578863591918,99.87449810899356,99.69501409012004,82.46435865678535,92.3361108363042,108.97207663133896,98.7119567835368,93.55861270415888,81.21350400979851,91.86581014043774,96.83509284912412,105.55076111330422,93.86381572973076,107.48986667065492,86.27596205984837,89.99194700872707,109.15649550262636,90.96297147446782,98.703442231058,95.24428256947262,90.53206556445356,107.39133345844095,107.99532497590928,99.35787800777692,104.03781327922158,90.0895192904232,94.19496631860832,93.63367706114391,118.83642198053106,122.31483960668344,77.64347863455178,83.5520814946715,102.11663788065724,89.50634704603911,45.49125684980305,140.361918494001,98.08301319053282,64.46951531960366,69.39038691498216,268.13640344422384,102.3816746675396,56.17828153798933,75.85645056307375,73.701788763426,74.92323854171292,87.53697299363961,94.6688355451578,93.50074509082113,79.71880033947161,87.64326036778064,94.22649893927834,101.28282434595016,87.6070481184379,100.18817834546924,87.78402941424885,94.09453062562604,157.76386514535673,103.90068665448293,103.84010501867029,89.07677096612915,79.14071595997572,43.466047753371406,94.8574259700724,91.06684243405158,90.97436590175865,90.32556988208584,88.69255302176846,92.98117681344468,93.55388807260026,91.67628055347046,93.49154801380227,83.7407238994565,77.9710973363342,82.63104398608492,62.39483168428362,84.65242008427491,110.1505325464941,88.28367645342573,99.86491635362512,98.14044405987109,95.52877616528276,90.3995690565826,100.50549393926777,96.4545183457245,96.5559107315142,63.97970472711641,111.41491614139308,88.52270895722202,63.30927627700814,107.32919936812618,97.61824034026206,99.43333002157452,108.12355768003049,96.60471814737716,103.19709708751424,98.19976997025734,97.54043696458832,96.88019076768408,102.7262532884245,90.829983528197,48.35789438153159,94.0,4.0,47.0,4.5,1.5,65.0,12.0,1.0,1.0,0.0,3.0,0.0,1.0,0.0,0.0,0.0,1.0,1.0,19,9001
CAR_19_486,104.09465092365042,97.83650695688384,103.97659506050348,103.74338961692423,99.43818753187549,96.00348868066804,102.5394181203274,104.48279250895644,99.60039053769594,103.4200114284915,104.07661006782118,89.80237957815893,99.8137033091426,96.05488604368011,103.81669750884684,54.1988057552846,106.19209378866772,100.83751323353243,109.1110152929422,95.1010263103334,79.44475832117644,98.27360578182756,97.53931651618684,96.18423315301496,98.21967607020984,101.43549258877742,100.56355607858312,102.22930564762696,103.13568430915473,107.23505816367256,101.07136756368318,115.44881400126631,102.47968681194187,110.87895615636698,104.91603524970762,161.17568186062945,100.1581787299446,103.44300311473324,105.3983393867302,82.22081061429856,107.5664969874032,2770.758548107857,91.28561454667552,157.0433980533322,103.51981025670824,102.86984263168884,102.2382435286734,150.5538306858207,281.5228304705512,116.34548007866216,174.7950738764545,129.83112684113678,110.22330817086782,50.4171652907273,114.61803723050272,97.85073943460634,94.4363411884435,108.22494366223258,125.92676134857464,103.93932488109826,111.05882344193373,103.88833016696046,100.97494265888768,154.0482145935629,103.51760979080647,98.89796664764091,110.7939029909508,101.00209126291834,87.97491906188965,101.259229988925,95.63914876482752,111.75865638415246,101.09020797862964,174.10245095631996,99.3153158009343,96.06261743011252,101.55264011210753,102.84774818922762,129.73350826493328,98.23730425141432,103.98617849037296,107.1287767866294,98.29107309960835,87.30926383258513,98.11941467889832,104.17460551500558,161.2359198493497,98.79312794529017,107.00505447996504,99.16288143297749,98.88576416501448,114.25501371321182,107.65976598817392,102.80820630656385,105.15007655962232,104.85804007544364,100.52671616826436,107.47130803151605,96.67656162888484,96.97745841590582,102.41165869222452,101.39996298870663,100.90204703021637,94.15512509957505,101.1053260393768,96.49291807286662,90.4888414746308,101.14943716187892,99.52928213154608,99.00855072100192,101.21504215884843,102.67498787750608,95.95260141112462,97.79331714537132,107.2113746661535,97.7012268618347,92.56574633509815,98.84849307469092,99.56161931208986,86.48498957763324,97.41304909565542,194.65663151131545,113.13734094010604,100.65699760668588,96.6788115121767,71.859455746849,73.02005463641335,104.21974918852402,125.0982626660254,261.4372301192564,106.33983370728858,142.44978808525272,130.20451519735337,106.6394079966167,129.2178911571274,189.8163849602308,152.4106884406825,426.7629559615341,115.63381764039352,152.86040529922556,128.0295606241175,114.47897293856686,164.42401726088292,105.02014139251976,94.12146288255066,109.24553078240888,96.03995841757134,101.06764505689472,102.09406063535144,111.88064852256151,116.74762308319208,96.15839616574094,116.70183109754602,106.3626808731057,192.0450229726428,87.14808025961781,100.0,102.86607169154496,92.7430495559711,149.0486748808179,100.73892998450458,101.3387279420105,94.40792535914022,102.10688638994144,110.63444795685304,101.21336967133745,96.72867335571938,102.54752288109552,100.66981101501824,110.77523359809246,105.63096502170708,110.36799597159852,94.73917440236448,105.50755745827044,100.46953674944626,87.09342670139266,110.0956264751818,106.55945676681073,96.54459527323964,101.68446207067028,101.74048087623984,110.36908346421758,99.1128942114727,86.47029446659603,70.39160379892701,77.41102372305366,77.44436736510308,96.98690713054503,101.00713721576255,101.4588633064027,93.31858938108532,100.0,104.95895028156012,104.81671383466563,100.86482822996508,93.76730497515852,100.66495134245233,105.33773399513665,66.86663872561763,86.0,4.0,42.0,10.7,3.7,73.73,10.0,1.0,1.0,0.0,3.0,0.0,1.0,0.0,0.0,0.0,1.0,1.0,19,9002
CAR_19_411,99.25619088290888,101.86350146507412,98.14805081913916,104.80628310639452,104.90416999351228,101.7032167746836,103.56064307594389,102.624087929715,99.35178925911109,97.47552981835211,98.2234132730024,91.74238316287293,100.0,106.96522738208915,99.48602858788166,100.793355200622,96.48796668833148,95.5685547876783,101.411747882479,100.82513791382377,107.753565405431,100.51960256684764,95.51995971704316,103.55884655324328,96.86588601369353,95.02259324572016,96.22187622883855,104.88920283221432,102.49667485547656,105.24379792759136,91.81560354299558,113.08783547082864,102.29165233292392,107.52887452530646,100.51608537490011,116.3126599852994,90.95204532627318,98.15841942883156,83.17921433048642,76.15073930238826,111.56097865501216,370.1868318885477,73.854008950285,158.6103054049379,205.79170627990493,95.79008167690264,106.77383164343438,120.49556348661817,271.1587490728846,125.33133646682622,113.88764153921214,116.59563291139008,106.86360330540172,162.37088993455646,101.77388014787168,102.03858171637545,106.45785347067388,106.47312210135344,104.77509756038152,114.62442720600755,90.94773328052838,88.35680489560228,98.53311244123636,140.75854946461058,96.3108849194738,94.26965364911032,98.56865519790423,101.9217207851252,103.7962436634583,105.66973394963333,98.1344986399034,102.15115496451575,107.7218069886512,174.51323272410295,107.10108336506524,96.17290631132956,72.02939711303506,95.74711393481756,87.27894905594623,102.03580982071573,106.84130235047392,106.72261477143458,102.02631613836871,89.74220758356381,95.79139810560171,91.90736916924804,90.18490605294558,88.21866396758072,100.0,113.10656822274376,99.12171817436166,100.64441626656586,98.1491956195995,107.14069784024538,102.54229936981984,97.12122389213847,101.8229790159764,103.85104188263696,85.8768406883216,99.44715219457336,101.75520690193134,92.12844694796536,93.51314118729724,109.65893491125514,98.69831783870428,99.0588745673383,74.80606086719952,97.36493831007093,107.2993049212743,107.40252170738472,100.6312741421793,98.9463813493278,83.59913305496356,112.45023392278362,95.94859203974072,109.38537563869998,90.38798163716444,112.91970073813604,102.66522493536397,109.08677277475988,99.31587514501555,166.58697883831647,111.41081963303402,99.73678952568616,101.0692195076372,79.1821378166951,80.4749791532458,99.3674180723852,137.43044376649524,576.7554857782941,111.01472542031894,259.16222390187147,185.82248651563816,107.8698984909305,125.02658042348622,253.2837344913247,164.83304222530998,283.41817810604323,136.40396992272508,172.4920010072509,137.56870102389354,237.1546793793824,189.7530817171515,105.89046168437004,95.80219600128068,106.15736968746135,93.12890192897032,90.70158938545988,96.71920335101656,97.49114286025754,111.71811616138866,100.41517183045492,97.67307333000792,107.5464838226701,133.99647957220745,108.346607428687,99.8475340877861,89.12048767062385,79.9582814072164,64.39617333453037,95.32017124840002,91.18575913229218,102.55378858018273,99.8216517821336,105.01764464368736,96.4781252638197,103.38678643415568,95.24052539813754,106.48826347688322,95.16216066974415,89.96411320764538,82.28690513462956,92.6991349262941,94.64886266122892,101.10590669843054,105.32032654543409,103.6722137693243,96.83415228832914,95.43081224091084,98.31795712973796,93.7997779827313,105.67679190631937,99.28955433776386,70.93879426722341,76.00939246953921,80.21378336337611,63.32156406661301,100.52266801791193,104.24959368479036,99.7409526587224,101.95180706821672,103.32243074684216,104.4772845605962,101.60339317502384,96.09311970839708,95.45462275556218,98.17426890525893,97.186780908647,61.132547619964505,11.0,4.0,43.0,10.7,3.6,67.57,10.0,1.0,1.0,0.0,3.0,0.0,1.0,0.0,0.0,0.0,1.0,1.0,19,9002
